abc1,abc2,abc3,abc4,Date,SI,OI
0.481888999,0.480797574,0.490488288,0.494426681,6/01/2004,0.013066658,0.030221
0.012706117,0.017127314,0.019015176,0.018838649,13/01/2004,-0.007099947,0.027573
-0.011223395,-0.008871533,-0.007959037,-0.007585105,20/01/2004,-0.010467202,-0.012535
0.041270095,0.018719456,0.017418753,0.01960347,27/01/2004,-0.002843933,0.017575
-0.007375014,-0.011298564,-0.014719758,-0.016998726,3/02/2004,0.003408687,0.00263
-0.003528871,0.004583889,0.008694256,0.008747972,10/02/2004,-0.00755025,-0.02076
-0.007765242,-0.003991894,-0.001130945,-0.000135806,17/02/2004,0.028788444,0.0214
0.057782104,0.075335879,0.073687844,0.071917266,24/02/2004,0.015624438,-0.013723
-0.008653344,0.020607058,0.026329581,0.027374994,2/03/2004,0.005779477,0.018222
-0.030434647,-0.041848152,-0.042733691,-0.043509647,9/03/2004,-0.009261771,-0.004436
0.001272976,0.001048895,0.003028636,0.003441964,16/03/2004,-0.01570129,0.035359
-0.233211891,-0.239520102,-0.246781887,-0.252130121,23/03/2004,0.020687187,-0.027143
-0.000743493,-0.008525927,-0.022044708,-0.028560561,30/03/2004,-0.029987629,-0.004676
-0.198371589,-0.176957674,-0.156253421,-0.144911327,6/04/2004,-0.052175961,-0.009389
-0.107159276,-0.09902854,-0.091972346,-0.087375214,13/04/2004,0.030569209,0.049677
-0.10427675,-0.11802604,-0.128277428,-0.129920893,20/04/2004,0.016772484,-0.028725
-0.01013752,0.005370461,0.00601895,0.005241213,27/04/2004,0.001257373,0.017522
-0.019420947,0.006672886,0.012886776,0.017392185,4/05/2004,0.004817635,0.029341
-0.04879916,-0.064127209,-0.062005541,-0.060647047,11/05/2004,0.001221586,-1.70E-05
-0.053150388,-0.071419373,-0.070607035,-0.067671599,18/05/2004,-4.19E-05,-0.006199
-0.001431805,-0.002417109,-0.003468578,-0.004548077,25/05/2004,0.017002885,-0.006549
0.056122141,0.026533708,0.023654256,0.028190106,1/06/2004,-0.01961931,0.021583
0.039017723,0.043502268,0.051936928,0.057205786,8/06/2004,-0.037134592,-0.040818
-0.208918066,-0.21364188,-0.222562701,-0.230181428,15/06/2004,-0.013382479,0.004859
0.014913245,0.010142805,0.00592732,0.002380254,22/06/2004,5.66E-05,0.001368
0.018015811,0.018767105,0.019192271,0.0186825,29/06/2004,-0.01724108,-0.005963
0.022299864,0.026268604,0.029343727,0.028443655,6/07/2004,0.014755312,0.0044
-0.112340385,-0.120113275,-0.123393654,-0.1287407,13/07/2004,0.010005147,-0.019761
0.003415103,0.003511096,0.002840675,0.002605294,20/07/2004,0.006025612,0.017388
-0.006602197,-0.003576272,-0.002616039,0.107637284,27/07/2004,-0.002013851,-0.020815
-0.016473481,-0.015130956,-0.019104505,-0.060899263,3/08/2004,0.005666166,0.049849
0.015236074,0.016163756,0.018368219,0.03111798,10/08/2004,-0.003478776,-0.028264
0.021517503,0.015597439,0.012612067,0.020970796,17/08/2004,0.013638995,0.032449
0.055530818,0.060509733,0.061692404,0.031144657,24/08/2004,-0.019431024,-0.050361
-0.02095885,-0.019881168,-0.020677207,-0.009346949,31/08/2004,-0.005655923,0.009174
-0.025671984,-0.028033489,-0.029658206,-0.030790682,7/09/2004,-0.010017433,0.004868
0.110897584,0.124137615,0.123216673,0.097667142,14/09/2004,-0.011211386,-0.012091
0.046302743,0.045071583,0.038978729,0.026540574,21/09/2004,0.0204532,-0.009999
0.027789521,0.022587419,0.021073351,0.011729796,28/09/2004,0.008525241,0.016424
-0.110986786,-0.103914673,-0.105809333,-0.091894375,5/10/2004,0.004074961,0.021236
0.123776336,0.138779371,0.150142893,0.134571761,12/10/2004,-0.018720745,0.025672
-0.030242094,-0.038341858,-0.041319817,-0.038652021,19/10/2004,-0.002177612,-0.026033
-0.02613357,-0.021360057,-0.0224964,-0.020600193,26/10/2004,-0.001845137,-0.002456
0.037864589,0.043531604,0.045013519,0.037866499,2/11/2004,-0.022357021,0.009338
-0.146808705,-0.156671077,-0.157842946,-0.153733605,9/11/2004,-0.002136169,-0.004025
-0.037696963,-0.03686146,-0.027685539,-0.019409113,16/11/2004,-0.004246144,-0.001638
-0.007093119,-0.009930489,-0.009605754,-0.00824784,23/11/2004,0.007374329,-0.017587
0.024866169,0.027104327,0.025436734,0.020651939,30/11/2004,0.000115944,-0.002173
0.001614193,0.001476515,0.001547071,0.001553295,7/12/2004,-0.033693438,-0.000299
0.156002076,0.148682147,0.144132492,0.133566305,14/12/2004,0.012387093,0.014015
0.033669788,0.043108169,0.046179693,0.046933703,21/12/2004,0.015359005,-0.042341
0.034519494,0.027918325,0.022825391,0.020303859,28/12/2004,0.005170483,-0.005335
0.003086163,0.002323225,0.001556485,0.000471422,4/01/2005,0.003402263,0.026662
-0.031337717,-0.040049449,-0.046534875,-0.051826056,11/01/2005,0.001129818,0.024241
-0.011286262,-0.012426715,-0.011490375,-0.011190126,18/01/2005,0.009976922,0.011452
0.06603139,0.062973016,0.066798737,0.070299259,25/01/2005,0.025261689,-0.004923
-0.01471084,-0.018221395,-0.027338698,-0.036104619,1/02/2005,-0.005258646,0.020307
-0.039678895,-0.035192793,-0.030073016,-0.027806247,8/02/2005,-0.004468249,-0.003036
-0.019190781,-0.01664058,-0.016586619,-0.015853362,15/02/2005,0.005046143,0.008926
0.030102822,0.028882644,0.029560708,0.029350108,22/02/2005,0.028521504,0.020203
-0.117590657,-0.116222657,-0.124648355,-0.133070288,1/03/2005,0.006298098,0.015584
0.041152399,0.052679291,0.052671391,0.053914111,8/03/2005,0.016368623,0.040352
0.056355907,0.060051563,0.058063246,0.058727313,15/03/2005,-0.013536228,0.025758
0.014904719,0.013888333,0.004546675,-0.005491708,22/03/2005,0.001789287,0.003863
-0.002466218,-0.015283168,-0.024693572,-0.038684539,29/03/2005,0.005740629,-0.006514
0.038111703,0.035472927,0.041641248,0.046109954,5/04/2005,0.015257773,0.020486
0.041887996,0.054175803,0.069247343,0.079841854,12/04/2005,-0.031876235,-0.023201
-0.026133636,-0.029303017,-0.028359893,-0.02812028,19/04/2005,-0.031587943,-0.014403
0.026128278,0.028201448,0.027137498,0.031598645,26/04/2005,-0.00762227,-0.011713
-0.01006258,-0.012587196,-0.011625482,-0.011285342,3/05/2005,-0.021724827,0.000291
-0.031949305,-0.037739282,-0.037607118,-0.037869351,10/05/2005,-0.010261723,0.020873
0.023647667,0.02343884,0.018698678,0.015446682,17/05/2005,-0.003019897,-0.04063
-0.005139278,-0.006809245,-0.006017037,-0.00580485,24/05/2005,-0.015849928,-0.028073
0.031048116,-1.63E-05,-2.73E-05,0.007060134,31/05/2005,-0.003445836,0.020391
-0.02288753,-0.018453517,-0.017356829,-0.016466156,7/06/2005,0.023968299,0.000192
0.038459304,0.04973704,0.064607019,0.075581217,14/06/2005,0.013809837,0.023602
0.058424523,0.059189199,0.058256196,0.057485374,21/06/2005,0.010156697,-0.035533
0.096429963,0.078331315,0.072221885,0.065879333,28/06/2005,0.002378618,0.011588
0.040599752,0.026789725,0.025500311,0.024653494,5/07/2005,0.012144534,0.030771
0.040179365,0.056778084,0.059033014,0.062864652,12/07/2005,0.000843571,0.014222
0.064215495,0.059544911,0.052982807,0.048762561,19/07/2005,-0.018114391,-0.00556
-0.055273436,-0.053994026,-0.054208398,-0.055690801,26/07/2005,-0.008110541,-0.020048
0.017075596,0.016144265,0.015362601,0.01514409,2/08/2005,0.016165934,0.037591
0.07165134,0.079190874,0.085990192,0.090355374,9/08/2005,0.00839333,0.047336
-0.049260554,-0.056735968,-0.055535613,-0.051459814,16/08/2005,0.002753796,0.070252
-0.106224996,-0.098090898,-0.090212596,-0.088187625,23/08/2005,-0.024633348,-0.061677
0.006808828,0.007469035,0.008688916,0.008218983,30/08/2005,0.003628963,0.018332
-0.096829349,-0.08964494,-0.083587145,-0.082078747,6/09/2005,0.005672044,-0.016862
-0.162368376,-0.163867426,-0.145037144,-0.136964009,13/09/2005,-0.036293425,-0.024713
0.014519909,0.015742223,0.016564697,0.016378214,20/09/2005,-0.006027885,-0.026259
-0.074731697,-0.064929664,-0.061369658,-0.061735485,27/09/2005,-0.015453695,0.004626
0.053265995,0.057732518,0.047227191,0.042075438,4/10/2005,-0.000532045,0.01491
0.007005913,0.010431893,0.010861084,0.011556222,11/10/2005,-0.016133594,-0.013755
0.12365664,0.171875328,0.172312148,0.174623406,18/10/2005,0.017231897,0.00777
0.011006827,0.021520309,0.044616268,0.061717116,25/10/2005,-0.016226259,-0.04273
-0.028624855,0.007716665,0.028377955,0.039836299,1/11/2005,-0.004562826,0.004424
-0.0457843,-0.0359226,-0.039863778,-0.04112374,8/11/2005,-0.006403199,0.008924
0.019103977,0.039357178,0.043104629,0.037468532,15/11/2005,-0.008908749,0.014308
-0.064212599,-0.098607034,-0.118738147,-0.127017599,22/11/2005,0.013005239,-0.039538
0.177779208,0.148050748,0.135316799,0.135031367,29/11/2005,0.001159913,0.031421
0.03940909,0.032548946,0.028365117,0.024894682,6/12/2005,0.018023298,0.024464
0.050965768,0.04126329,0.034334662,0.027766005,13/12/2005,-0.000168819,0.007797
0.017625072,0.015134646,0.013504303,0.012068539,20/12/2005,0.013551748,-0.056029
0.087817478,0.093058123,0.086673989,0.080851559,27/12/2005,-0.008725401,0.005661
0.017545953,0.005609926,0.00534627,0.004226354,3/01/2006,0.012672576,0.031027
0.136015593,0.120837781,0.114110346,0.109940393,10/01/2006,0.016138781,0.043081
0.004814074,-0.008179624,-0.0097401,-0.012423588,17/01/2006,-0.001034066,0.016624
-0.069117306,-0.059526654,-0.057999012,-0.056825771,24/01/2006,0.00794342,-0.001331
-0.045145543,-0.040787435,-0.038506104,-0.037921071,31/01/2006,0.014897887,0.04277
0.01683192,0.017880705,0.019083156,0.020427749,7/02/2006,-0.021571369,-0.009832
0.199553116,0.170346925,0.157516724,0.147207081,14/02/2006,-0.019394635,-0.014616
-0.151857812,-0.127431999,-0.126005434,-0.125078938,21/02/2006,-0.013910973,-0.037263
0.014924631,0.016371073,0.016644406,0.017074217,28/02/2006,0.006636827,0.052315
-0.003742281,-0.003577333,-0.003863598,-0.003814841,7/03/2006,0.007452086,0.024862
0.002046081,-0.001835009,0.002466526,0.005569806,14/03/2006,0.004224439,0.013802
0.034783137,0.044646935,0.048351039,0.050945416,21/03/2006,0.008740329,-0.051729
-0.015432162,-0.019951108,-0.016684707,-0.015924332,28/03/2006,0.01453503,0.007585
-0.142372606,-0.122461995,-0.11224303,-0.10252129,4/04/2006,0.023310092,0.031772
-0.00963852,-0.008321962,-0.004870524,-0.003162689,11/04/2006,-0.002416216,0.019671
-0.118998975,-0.145022578,-0.161872461,-0.17290837,18/04/2006,0.037963708,0.01514
0.086261093,0.101964279,0.108549414,0.112981844,25/04/2006,0.006169437,0.014955
-0.014266308,-0.014991472,-0.015387756,-0.017141923,2/05/2006,0.013445723,0.074117
0.024436953,0.020779516,0.018649022,0.018207544,9/05/2006,-0.007029138,-0.000981
-0.109956223,-0.119953037,-0.121304511,-0.119189901,16/05/2006,-0.00598247,-0.021993
0.136663421,0.170230298,0.17818553,0.174070586,23/05/2006,-0.018311847,-0.073551
-0.101382853,-0.106916012,-0.109351539,-0.106594167,30/05/2006,-0.007273112,0.023025
0.000983312,0.000972462,0.000882307,0.000699065,6/06/2006,-0.005561256,0.025841
0.006138794,0.004105312,0.005098205,0.006182551,13/06/2006,-0.006065496,0.000144
0.252118532,0.233944132,0.22937311,0.232466675,20/06/2006,-0.008347334,-0.075657
0.005653503,0.001780606,-0.001204467,-0.003411082,27/06/2006,0.009517093,0.022881
-0.025865156,-0.034930796,-0.038765441,-0.042385888,4/07/2006,0.007544274,0.022023
0.112267384,0.109319809,0.105845932,0.100728906,11/07/2006,0.009748881,0.047908
-0.003179407,-0.0041753,-0.004967427,-0.005151131,18/07/2006,-0.002185927,0.025331
-0.007197932,-0.0449251,-0.056314037,-0.064902413,25/07/2006,0.005103679,-0.035411
0.01895285,-0.001784852,-0.013834216,-0.020396133,1/08/2006,0.002213229,0.058487
-0.003143388,-0.002906659,-0.004215295,-0.00519827,8/08/2006,0.000989686,0.055111
-0.005820254,-0.00654263,-0.005393427,-0.004288813,15/08/2006,0.008710678,0.045001
-0.125801639,-0.122050033,-0.121020432,-0.11844741,22/08/2006,-0.007884768,-0.086995
-0.018522873,-0.038372456,-0.035598454,-0.032273759,29/08/2006,-0.008431534,0.026715
-0.0326472,-0.019430415,-0.019077916,-0.019549416,5/09/2006,-0.012505112,0.020596
-0.017188888,-0.012003947,-0.015016699,-0.015349338,12/09/2006,-0.009936947,0.043674
-0.012109478,-0.007074215,-0.005188806,-0.005721209,19/09/2006,-0.011387683,-0.036531
-0.009567659,-0.012605969,-0.011580756,-0.010811391,26/09/2006,-0.007196022,-0.028571
-0.028391996,-0.020182182,-0.025956744,-0.032832105,3/10/2006,-0.011800417,0.024792
0.002444027,0.003396243,0.00367672,0.003619597,10/10/2006,0.000140597,0.019791
0.0107204,0.042196508,0.052428535,0.055079153,17/10/2006,-0.002525078,-0.007251
0.028214302,0.029101848,0.034929425,0.037034108,24/10/2006,-0.00215918,-0.052381
0.023766633,0.021411575,0.011362205,0.004827009,31/10/2006,-0.005330502,0.024823
0.002123993,0.001933698,0.001948327,0.001718244,7/11/2006,0.00563275,0.002221
0.008650669,0.006347512,0.005418139,0.005552703,14/11/2006,0.018348039,0.059641
-0.022610711,-0.018000565,-0.009416437,-0.008101611,21/11/2006,-0.003430377,-0.067605
0.08419337,0.069608113,0.060178571,0.056545144,28/11/2006,-0.000711576,0.019586
-0.098630059,-0.078573608,-0.064838652,-0.054502299,5/12/2006,0.005523372,0.046225
0.121539973,0.131200866,0.144282325,0.150637013,12/12/2006,-0.005409139,0.003828
0.012113633,0.008391243,0.004392773,0.001297881,19/12/2006,0.006029691,-0.060563
0.026238663,0.015625804,0.014772151,0.013001239,26/12/2006,0.000601647,0.017948
0.094490368,0.079829147,0.07495938,0.071564035,2/01/2007,-0.01503324,0.046748
0.00218297,0.005921666,0.005264485,0.00524214,9/01/2007,-0.019251828,0.053651
-0.013281448,-0.028369831,-0.032768781,-0.030247641,16/01/2007,0.015920748,0.037088
-0.224303156,-0.233574161,-0.249313113,-0.266079798,23/01/2007,-0.005151789,-0.047782
-0.088185118,-0.082239986,-0.079529242,-0.077027156,30/01/2007,-0.00427901,0.037398
0.001830632,0.002126223,0.002301596,0.002519619,6/02/2007,-0.005449327,-0.00854
0.057577727,0.049473369,0.049253718,0.048877554,13/02/2007,0.01096973,0.024338
-0.003320996,-0.004534397,-0.005705034,-0.005203696,20/02/2007,0.011857808,-0.095307
-0.037760389,-0.034214949,-0.033309496,-0.032858616,27/02/2007,0.014110988,0.041721
-0.338725715,-0.349733717,-0.349752154,-0.343829489,6/03/2007,0.00796835,0.005986
0.00338547,0.001836601,0.001868789,0.001926911,13/03/2007,-0.000415301,0.047048
0.086986948,0.058160511,0.046276534,0.040184629,20/03/2007,0.005733469,-0.009734
-0.032481268,0.000624973,0.002123627,0.003843158,27/03/2007,-0.003603562,0.017971
0.134793794,0.127587114,0.12473688,0.120429062,3/04/2007,0.018897124,0.027574
0.002526807,0.002075763,0.002182513,0.002212268,10/04/2007,0.0075866,-0.03165
-0.021992629,-0.013884897,-0.00797008,-0.005269743,17/04/2007,0.005030218,-0.01687
0.05833921,0.028785612,0.006724089,-0.006455581,24/04/2007,-0.013217083,0.006644
0.002323233,0.008086818,0.010867359,0.011131076,1/05/2007,0.000783312,0.02563
-0.002016563,-0.000500805,0.000540711,0.001732966,8/05/2007,-0.008832962,0.042702
-0.071968489,-0.073172866,-0.072547093,-0.070701255,15/05/2007,-0.009683396,0.064388
-0.002251112,0.002152635,0.000800635,-0.000595553,22/05/2007,0.008832662,-0.098714
0.044903682,0.018560278,0.02106042,0.022642329,29/05/2007,-0.014214231,0.038407
0.083054575,0.091040949,0.097211047,0.102055054,5/06/2007,0.013189236,0.035171
0.086692116,0.112234305,0.11420164,0.1142182,12/06/2007,0.006431283,0.008875
-0.00741194,0.033425735,0.041571451,0.048394743,19/06/2007,0.002383913,-0.009819
0.163760223,0.167237783,0.170044945,0.168631886,26/06/2007,-0.000618936,0.013335
0.037420785,0.050515921,0.067153445,0.076373078,3/07/2007,0.018153154,0.063745
0.08085219,0.083884895,0.080789617,0.079462551,10/07/2007,0.008356885,0.046475
-0.028855524,-0.027324321,-0.025479913,-0.023413474,17/07/2007,-0.001284163,0.003053
0.025653132,0.015559252,0.000326749,-0.020179515,24/07/2007,0.002654162,-0.063679
0.003781865,0.021911572,0.021084047,0.02317038,31/07/2007,0.01055701,0.035491
-0.346956375,-0.348095207,-0.328698084,-0.296022921,7/08/2007,-0.012821463,-0.01642
-0.085723713,-8.96E-02,-0.090878501,-0.095537296,14/08/2007,-0.028803705,0.012146
0.003359493,0.00522375,0.0133588,0.022052154,21/08/2007,-0.027541814,-0.094788
-0.036485402,-0.034954168,-0.036118365,-0.037410094,28/08/2007,-0.010850775,0.010548
-0.020941691,-0.018580571,-0.016335272,-0.017988829,4/09/2007,0.016877136,0.056508
0.144975612,0.134866719,0.135284105,0.133786723,11/09/2007,-0.004837233,0.055484
-0.047312486,-0.044422678,-0.043464667,-0.043233993,18/09/2007,0.009023496,-0.056334
0.108920268,0.114254653,0.123552262,0.129045145,25/09/2007,-0.006328356,-0.078761
0.002175168,0.001817418,0.001512862,0.001064847,2/10/2007,0.009153868,0.016424
0.022785146,0.025987697,0.022055556,0.016400787,9/10/2007,0.007963894,0.01488
0.00377629,0.006191799,0.008568863,0.010999777,16/10/2007,0.009023391,0.048369
-0.200163253,-0.221479428,-0.237884961,-0.245068885,23/10/2007,-0.0159202,-0.081221
0.021698845,0.021266297,0.020479815,0.019624009,30/10/2007,0.015235718,0.040042
0.040412806,0.041736906,0.043262464,0.04451928,6/11/2007,0.013168164,0.065248
-0.050800301,-0.052697045,-0.05387161,-0.054746092,13/11/2007,-0.051057373,-0.0682
0.121369483,0.126167573,0.127276314,0.126150479,20/11/2007,0.017237171,-0.047178
-0.190355732,-0.194006131,-0.19442234,-0.194490928,27/11/2007,0.007003327,0.006444
0.018832726,0.016728696,0.016174086,0.016445868,4/12/2007,-0.007024875,-0.021902
-0.100722052,-0.092913446,-0.086250589,-0.079134952,11/12/2007,0.002832918,-0.001619
0.015807188,0.017919245,0.019243632,0.02044094,18/12/2007,-0.005696718,-0.050657
-0.002410907,0.002449887,-0.000585902,-0.002082371,25/12/2007,0.014638691,-0.004499
0.112033148,0.110349538,0.0975762,0.088884688,1/01/2008,0.027913696,0.035507
-0.029716587,-0.031247091,-0.031047212,-0.031564827,8/01/2008,0.004273568,0.052698
-0.012696504,-0.020548054,-0.023051319,-0.029825368,15/01/2008,-0.007724089,0.044116
0.03493002,0.033016426,0.033702935,0.034714159,22/01/2008,-0.036829706,-0.114905
0.105210097,0.123301181,0.13454846,0.142360742,29/01/2008,-0.008484292,0.02264
0.035480072,0.042817723,0.048950635,0.05328758,5/02/2008,-0.000404422,0.002717
0.03825337,0.033814753,0.032987272,0.032616104,12/02/2008,0.007441918,0.024511
0.015449234,0.012261169,0.011140143,0.010347874,19/02/2008,0.018066855,-0.0379
-0.023282092,-0.025623733,-0.026111273,-0.026646955,26/02/2008,0.020202629,0.050787
0.013878322,0.009837864,0.009422776,0.009548847,4/03/2008,0.009405419,0.045034
0.053470981,0.059031539,0.062053727,0.061774733,11/03/2008,0.007228653,0.033461
-0.067411269,-0.069978071,-0.067140562,-0.062952946,18/03/2008,-0.018506774,-0.077058
0.000607024,0.000945536,0.001390013,0.001632173,25/03/2008,-0.026066077,-0.044692
-0.10402512,-0.104638777,-0.102385024,-0.100399922,1/04/2008,-0.005707113,0.018978
-0.008191186,-0.007554882,-0.00821172,-0.008759312,8/04/2008,0.013188697,0.030681
-0.025449817,-0.028688857,-0.031515309,-0.033998879,15/04/2008,0.003599511,0.029047
-0.08242866,-0.09081077,-0.097496227,-0.102827263,22/04/2008,0.01564563,-0.104318
0.122591137,0.114398624,0.117773265,0.122325675,29/04/2008,-0.008240613,0.028401
-0.026248358,-0.026670726,-0.027468005,-0.027842647,6/05/2008,-0.000834636,0.056975
0.071215378,0.080658931,0.085944176,0.091235448,13/05/2008,0.000882085,0.054576
-0.029483238,-0.03419925,-0.038421419,-0.042161034,20/05/2008,-0.011614858,-0.12035
0.018296264,0.02018633,0.023164432,0.025755415,27/05/2008,-0.010767399,-0.017783
0.01255314,0.004873173,0.007409367,0.009148681,3/06/2008,-0.006376548,0.016793
0.022080483,0.019891118,0.018811181,0.0182181,10/06/2008,-0.007069217,0.063082
-0.111450268,-0.1182013,-0.121632421,-0.123116021,17/06/2008,-0.011414137,-0.083542
-0.013649395,-0.013732443,-0.014583221,-0.015514427,24/06/2008,0.011482426,-0.029132
-0.08780377,-0.088141974,-0.08167055,-0.077096356,1/07/2008,0.00471066,-0.011595
-0.080212447,-0.082803506,-0.086929399,-0.090900958,8/07/2008,-0.009733841,0.021798
0.044370511,0.041335269,0.039815633,0.037544931,15/07/2008,0.005901213,0.028133
-0.060926649,-0.061601509,-0.064597246,-0.067959472,22/07/2008,-0.019638223,-0.127036
-0.211907024,-0.208284381,-0.209612091,-0.211018331,29/07/2008,0.002449294,0.003162
0.074947481,0.075798554,0.074748722,0.074145859,5/08/2008,-0.003901735,0.028765
-0.015276466,-0.016872206,-0.018261683,-0.018924529,12/08/2008,-0.00291203,-0.007887
0.023879738,0.024481966,0.022088557,0.020203149,19/08/2008,0.017040012,-0.037657
-0.003773573,-0.003316318,-0.003976807,-0.004338346,26/08/2008,0.007294634,-0.016135
0.011257477,0.013894882,0.014211666,0.014058579,2/09/2008,-0.005299249,0.039253
0.003044467,0.001737245,0.001097857,0.000509509,9/09/2008,-0.006535733,0.004574
0.31223313,0.326355379,0.336429827,0.341500599,16/09/2008,0.010462568,0.010179
0.108978983,0.10518354,0.102242789,0.101086138,23/09/2008,0.021870677,-0.128241
-0.172375319,-0.162304011,-0.157287087,-0.152852283,30/09/2008,-0.000777011,-0.020977
0.037605599,0.035624972,0.031192372,0.028748052,7/10/2008,-0.0333085,-0.004842
0.32419919,0.343135029,0.35552931,0.357264791,14/10/2008,-0.005134689,0.002682
-0.012909719,-0.010808975,-0.009586587,-0.008446877,21/10/2008,0.002208153,-0.054554
0.01905619,0.015741266,0.015142445,0.014758843,28/10/2008,-0.008299302,0.037462
0.000971789,-0.00271593,-0.004394969,-0.00488802,4/11/2008,-0.001535558,0.052207
0.03758294,0.037479873,0.037703338,0.038188395,11/11/2008,-0.036515414,0.029374
0.093801361,0.091722462,0.086891072,0.083161597,18/11/2008,0.055669207,-0.032136
0.014720907,0.014499401,0.013949756,0.013697587,25/11/2008,-0.007295838,-0.001873
-0.002053693,-0.001017528,-0.000448262,-0.00014157,2/12/2008,-0.000529491,0.026744
-0.002194389,-0.00161015,-0.00141576,-0.001034052,9/12/2008,0.007292375,0.020555
-0.069287717,-0.052733011,-0.04076801,-0.034523177,16/12/2008,0.045696208,-0.00112
0.011107211,0.014825169,0.014750521,0.014352457,23/12/2008,0.008959437,-0.031371
0.042428804,0.03890238,0.040525744,0.041142075,30/12/2008,-0.008701706,0.033676
-0.004298362,0.001910254,0.002292576,0.002927695,6/01/2009,0.00787692,0.045974
0.059359656,0.044977466,0.038673043,0.036888925,13/01/2009,-0.020339491,0.031638
0.07152646,0.052648878,0.04151241,0.03457743,20/01/2009,-0.005846153,0.0035
-0.054600841,-0.01186545,-0.010026062,-0.009496576,27/01/2009,0.004556739,-0.004328
-0.000172115,-0.00056647,-0.001567413,-0.003725217,3/02/2009,-0.018112699,0.008243
-0.000450383,-0.000648551,-0.001650704,-0.002159374,10/02/2009,-0.009946199,-0.016652
0.006850418,-0.000451392,-0.005764483,-0.007420233,17/02/2009,0.023195399,-0.007335
0.001692436,0.011533171,0.01359497,0.014411274,24/02/2009,-0.0122101,-0.051084
-0.107740368,-0.081340953,-0.056431402,-0.048431352,3/03/2009,-0.0248271,0.012553
-0.102621412,-0.071577445,-0.056158643,-0.053120764,10/03/2009,-0.004523623,0.018529
0.016345673,0.011257612,0.009556248,0.009074568,17/03/2009,0.016253013,-0.01314
0.034146087,0.022212395,0.025917834,0.027970838,24/03/2009,0.003918187,-0.036873
0.023020878,0.018506113,0.012557882,0.009620595,31/03/2009,-0.009502485,-0.011553
-0.004944998,-0.011802454,-0.014278254,-0.015577451,7/04/2009,0.005049725,0.013625
-0.009820957,-0.000610352,0.004992742,0.00668164,14/04/2009,-0.006587814,0.030307
0.004373979,0.015153972,0.013786394,0.012342021,21/04/2009,-0.01696941,-0.052389
-0.032311141,-0.063497857,-0.074808862,-0.073295832,28/04/2009,0.013079152,-0.000894
-0.010537508,-0.004536764,-0.000867071,-8.34E-06,5/05/2009,-0.009690561,0.058618
0.062296866,0.059207057,0.06025043,0.0634795,12/05/2009,0.011879312,0.048852
-0.007315297,-0.011843726,-0.009152697,-0.007103358,19/05/2009,0.029750947,-0.15283
-0.000521193,0.001131693,0.001065449,0.001009688,26/05/2009,0.004402144,0.001889
-0.007981673,-0.012173397,-0.013260772,-0.011924398,2/06/2009,-0.003307597,0.095773
0.121575178,0.114063518,0.106440956,0.103505555,9/06/2009,0.006475962,0.012041
-0.003472355,-0.003686601,-0.00419315,-0.00488416,16/06/2009,-0.017722121,-0.005497
-0.042345653,-0.045437287,-0.045369884,-0.043768065,23/06/2009,0.013390984,-0.087585
0.006734637,0.002908117,0.003901222,0.005043832,30/06/2009,-0.000292816,0.049271
0.000489363,0.003630747,0.002865303,0.00160561,7/07/2009,-0.021947366,0.002729
0.142429577,0.124954623,0.114000224,0.108659622,14/07/2009,0.000213236,0.041132
-0.117973105,-0.116943168,-0.111925718,-0.107241909,21/07/2009,-0.011493424,-0.05393
0.104121425,0.094078867,0.09517677,0.099393184,28/07/2009,0.001970147,0.023781
0.02171777,0.024885825,0.023343295,0.020438027,4/08/2009,0.024493516,0.029018
0.041418861,0.037233189,0.033007383,0.030139398,11/08/2009,-0.005297041,-0.030213
0.002983716,0.00246812,0.002151822,0.001952877,18/08/2009,-0.003748109,0.000787
-0.001085764,-0.001477569,-0.000946401,-0.000772786,25/08/2009,0.014758343,-0.014076
0.029011429,-0.005151635,-0.021264081,-0.028436393,1/09/2009,-0.009551377,0.005415
0.049117708,0.051924805,0.050607096,0.049609552,8/09/2009,0.003547872,0.013752
0.018638051,0.017065662,0.015276184,0.01398767,15/09/2009,0.009936941,0.019366
-0.025913092,-0.033659142,-0.036165657,-0.037692555,22/09/2009,0.017270422,-0.072764
-0.002006517,-0.006040984,-0.004888929,-0.004312491,29/09/2009,-0.019549974,0.05361
-0.016453491,-0.012831768,-0.015360992,-0.018318244,6/10/2009,0.004292544,0.070042
-0.093031554,-0.089161064,-0.089397696,-0.089757754,13/10/2009,0.014441334,0.014676
0.029121117,0.029484319,0.029930089,0.030213623,20/10/2009,0.006658675,-0.046837
0.034267088,0.033838959,0.03353418,0.033413415,27/10/2009,0.028659559,0.004184
-0.075823519,-0.085502039,-0.088125233,-0.085208291,3/11/2009,-0.002647986,-0.029485
-0.035097838,-0.040514836,-0.039486081,-0.039894519,10/11/2009,-0.015869632,0.043897
-0.090278841,-0.089637694,-0.09188736,-0.0917668,17/11/2009,-0.002219958,0.015122
-0.00586403,-0.008648878,-0.007261227,-0.00535137,24/11/2009,-0.005248859,-0.06727
0.000177748,0.003306028,0.004051074,0.004049187,1/12/2009,-0.000680095,0.026992
-0.006180022,-0.009506957,-0.011143259,-0.012272361,8/12/2009,-0.007462169,0.008112
0.054898458,0.056978442,0.056234744,0.054970602,15/12/2009,-0.011979302,-0.000808
-0.057372926,-0.050590409,-0.060455157,-0.067424429,22/12/2009,0.021208709,-0.057664
0.013030389,0.012880057,0.010382006,0.008318988,29/12/2009,0.014464189,0.025772
-0.024070968,-0.022613369,-0.025425704,-0.025755561,5/01/2010,0.009003773,0.046228
0.02711026,0.028847497,0.029434945,0.029373447,12/01/2010,0.015910658,0.069431
0.000922499,0.000635336,0.000672043,0.00086438,19/01/2010,-0.002864167,0.024036
-0.063253155,-0.07687385,-0.078688108,-0.078076579,26/01/2010,-0.025995124,-0.004242
0.195615261,0.226888487,0.237730836,0.246471112,2/02/2010,-0.012209178,0.040036
-0.001365812,-0.005093622,-0.00571191,-0.005659705,9/02/2010,-0.031056995,-0.053095
0.04929301,0.051935287,0.055627384,0.056454825,16/02/2010,0.020411645,-0.005978
0.020755229,0.020061862,0.020424456,0.020126967,23/02/2010,0.014091614,-0.021389
-0.014847482,-0.013986114,-0.012851615,-0.011638365,2/03/2010,0.003790782,0.0172
-0.011561173,-0.011535046,-0.012705299,-0.01439442,9/03/2010,0.010619184,0.050806
0.006133261,0.005740757,0.007671639,0.00954153,16/03/2010,0.010375733,0.009185
-0.023825137,-0.02702964,-0.028777773,-0.030749671,23/03/2010,-0.005266308,-0.058887
-0.020659899,-0.019605647,-0.017661032,-0.017646097,30/03/2010,0.005063977,-0.014693
-0.001164998,-0.001603098,-0.001770972,-0.00161657,6/04/2010,0.004130481,0.059561
0.016257604,0.013714438,0.012133595,0.009788521,13/04/2010,-0.013962096,0.048916
-0.082084357,-0.059831062,-0.041570241,-0.03170755,20/04/2010,0.008105198,-0.035454
-0.027800871,-0.039182725,-0.02858655,-0.022932365,27/04/2010,-0.011254601,0.039095
0.050376142,-0.060297016,-0.101555737,-0.114837079,4/05/2010,-0.002253907,0.049362
-0.015378355,-0.041456322,-0.029441109,-0.025255534,11/05/2010,-0.012833632,0.024908
0.048522863,0.090692357,0.091847255,0.089819644,18/05/2010,-0.014649588,-0.082327
0.132505082,0.167042348,0.174982285,0.174788785,25/05/2010,-0.01848727,-0.041914
-0.07363276,0.01226576,0.031736596,0.037346082,1/06/2010,-0.011850447,0.021027
-0.047397114,-0.038710109,-0.042673567,-0.045665707,8/06/2010,-0.004994598,-0.044712
-0.00111946,0.000122618,0.00032487,0.000286006,15/06/2010,0.011436457,0.014225
0.080918797,0.069289574,0.059421091,0.054727541,22/06/2010,0.00681468,-0.076401
-0.012608514,-0.006451938,-0.006229735,-0.005861257,29/06/2010,-0.001985136,-0.000457
-0.028341727,-0.031709929,-0.026126528,-0.020368833,6/07/2010,-0.00885626,0.012178
-0.002595708,-0.006561408,-0.007003917,-0.006573735,13/07/2010,0.006532618,0.004475
0.07767935,0.070890675,0.064214514,0.061865195,20/07/2010,0.002624712,-0.062145
-0.003689432,-0.001113386,-0.000760345,-0.000541368,27/07/2010,0.005966466,0.025846
-0.01423119,-0.01130418,-0.008309757,-0.008451156,3/08/2010,0.009360763,-0.00538
-0.040958924,-0.048458108,-0.049267591,-0.049477645,10/08/2010,0.002240801,0.039956
-0.010710272,-0.011307373,-0.011156411,-0.010342783,17/08/2010,0.001628532,-0.007265
0.031893515,0.028470229,0.0271801,0.026239796,24/08/2010,-0.027050768,-0.020556
0.047002509,0.037800084,0.034916848,0.034707143,31/08/2010,-0.011884523,0.061258
-0.002963215,-0.012038483,-0.020951009,-0.025628124,7/09/2010,-0.00224466,0.039189
0.032878248,0.038411584,0.037739564,0.038182564,14/09/2010,0.028384178,-0.010839
0.016646724,0.009721082,0.002402337,-0.001928564,21/09/2010,-0.003015532,-0.012278
-0.083654694,-0.084859727,-0.066135834,-0.054027361,28/09/2010,0.012987769,0.008641
-0.007920739,-0.007826705,-0.003782427,-0.000906738,5/10/2010,0.036266737,0.075178
-0.036473587,-0.029426038,-0.032364004,-0.034037975,12/10/2010,0.007273672,0.034111
-0.007800824,-0.011077242,-0.011058476,-0.011600515,19/10/2010,-0.018816165,-0.019223
0.001365534,0.000690104,-0.00051798,-0.001403436,26/10/2010,0.018954797,-0.028148
0.020753755,0.020578896,0.020058879,0.01930656,2/11/2010,0.00095256,0.038651
0.003732777,0.003530449,0.003410981,0.003209405,9/11/2010,0.006190108,0.052871
0.02630605,0.025998426,0.02645187,0.026834009,16/11/2010,0.025906826,-0.086421
0.045725372,0.053111522,0.055041821,0.055352358,23/11/2010,-0.016616281,-0.068571
-0.002434632,-0.002107185,-0.002381808,-0.003093711,30/11/2010,0.003178247,0.011122
-0.038696231,-0.039751453,-0.040660292,-0.040001615,7/12/2010,0.01971279,0.024794
0.065585001,0.061613149,0.063620516,0.063791617,14/12/2010,-0.01125171,0.01366
-0.022855744,-0.026677931,-0.025377544,-0.023505832,21/12/2010,-0.000764098,-0.011235
0.003682333,0.00428967,0.004224571,0.004062406,28/12/2010,-0.001187075,0.032445
-0.005623158,-0.005161562,-0.005067797,-0.005232496,4/01/2011,-0.014349601,0.069237
-0.053280586,-0.048908387,-0.04326488,-0.036758442,11/01/2011,0.011011302,0.030362
-0.005252535,-0.008185827,-0.010946624,-0.014737815,18/01/2011,-0.000974467,-0.009592
-0.018673392,-0.030341925,-0.032682936,-0.031825063,25/01/2011,-0.01605944,0.007603
-0.04181622,-0.030972373,-0.024594211,-0.02333143,1/02/2011,0.004113062,0.032343
0.04513761,0.041255265,0.032464655,0.02767429,8/02/2011,0.008026831,0.004664
-0.14887508,-0.112185351,-0.084664924,-0.070620544,15/02/2011,-0.001588874,0.023063
-0.024601303,-0.021491651,-0.016176615,-0.015800701,22/02/2011,0.039254361,-0.053075
-0.315759602,-0.279658153,-0.232439759,-0.201933791,1/03/2011,0.02785391,0.062925
-0.085276051,-0.08547729,-0.089269762,-0.097733589,8/03/2011,0.002016466,0.003025
0.062219399,0.053035535,0.052318926,0.051618042,15/03/2011,-0.014191405,0.008088
0.259790638,0.278264068,0.278441664,0.273565278,22/03/2011,0.00769087,-0.077018
0.007573549,0.002060305,-0.005494331,-0.01033013,29/03/2011,-0.000618535,0.012467
-0.013832217,-0.025279089,-0.032025118,-0.038491328,5/04/2011,-0.007189247,0.050681
0.009204456,0.008347292,0.008134758,0.007840286,12/04/2011,-0.007413898,0.017755
0.019857456,0.015826027,0.012570718,0.010200627,19/04/2011,0.011442687,-0.044622
-0.006683027,-0.005260657,-0.005137243,-0.004650343,26/04/2011,0.001132119,0.013809
0.034824713,0.035494222,0.029958658,0.02643014,3/05/2011,-0.015681897,0.070624
-0.02204185,-0.02334196,-0.026659432,-0.027816792,10/05/2011,-0.022520832,0.029471
-0.039383143,-0.05079452,-0.064098137,-0.06905636,17/05/2011,0.000402295,-0.070931
0.140890592,0.12946582,0.121096987,0.117319366,24/05/2011,0.002570502,-0.060792
-0.040022582,-0.044929842,-0.049242974,-0.051309683,31/05/2011,-0.004155079,-0.013658
0.018923694,0.019500324,0.018879003,0.01944205,7/06/2011,-0.010529872,0.007492
0.015907914,0.007329354,-0.000564644,-0.005906981,14/06/2011,-0.011212913,0.069017
-0.000488301,-0.000607942,-0.000637042,-0.000624272,21/06/2011,-0.007472978,-0.056
-0.078236318,-0.077883601,-0.082835273,-0.087438595,28/06/2011,-0.009225891,-0.004614
-0.001721508,-0.002091064,-0.001884062,-0.001380373,5/07/2011,0.002631163,-0.001922
0.069398134,0.063853746,0.061338595,0.061604266,12/07/2011,0.007191796,0.015865
-0.025176762,-0.022017913,-0.020610716,-0.01962154,19/07/2011,0.005626188,-0.044374
-0.001996361,-0.002392977,-0.003125064,-0.003664377,26/07/2011,0.00165561,0.01278
0.002045132,0.001219752,0.000539946,0.000446567,2/08/2011,-0.008988086,0.022316
0.16113926,0.15284154,0.14782258,0.149370581,9/08/2011,-0.009638977,0.035502
0.113156666,0.10199928,0.095448613,0.092277762,16/08/2011,-0.002247192,-0.011459
-0.006794375,-0.008312355,-0.008159029,-0.0075958,23/08/2011,0.008546188,-0.087765
-0.006008525,-0.005784538,-0.00583659,-0.005822107,30/08/2011,0.009097315,0.029547
0.003247291,0.003858983,0.002766638,0.001357114,6/09/2011,0.006221604,0.029104
-0.002352237,-0.001067616,-0.001619662,-0.001873119,13/09/2011,0.004745754,-0.0617
-0.011758837,-0.011447497,-0.010063436,-0.008759357,20/09/2011,0.004060306,-0.09701
-0.044528411,-0.047972337,-0.047356572,-0.046587694,27/09/2011,-0.017441717,0.015365
0.006591336,0.005651853,0.005297771,0.00518195,4/10/2011,-0.024186881,0.051221
0.053805707,0.052204809,0.051140852,0.050467946,11/10/2011,0.009431946,-0.007149
0.05082485,0.050052831,0.048609941,0.047733947,18/10/2011,0.0158716,0.006929
0.003092146,0.001881689,0.001357942,0.000896162,25/10/2011,0.014147775,-0.042666
-0.014149976,-0.011242905,-0.009143768,-0.007111598,1/11/2011,0.005159188,-0.043873
-0.001995213,-0.001588254,-0.001745352,-0.001764883,8/11/2011,0.002111679,0.021181
0.008925337,0.009351592,0.009718846,0.01036129,15/11/2011,0.005508104,-0.00908
-0.028870188,-0.028664278,-0.028238816,-0.028106298,22/11/2011,-0.006330513,-0.061507
-0.074208072,-0.078365484,-0.083105512,-0.086460768,29/11/2011,-0.001308426,0.006894
-0.003826907,-0.004348391,-0.004081138,-0.003561945,6/12/2011,-0.003214103,0.030032
-0.022381138,-0.02341883,-0.022183265,-0.020529312,13/12/2011,-0.006039519,0.013951
0.000921398,0.002739134,0.003093948,0.002204634,20/12/2011,-0.004573881,-0.047995
-0.030902495,-0.032535345,-0.032877605,-0.03341303,27/12/2011,0.002767936,0.027062
